<annotation>
	<folder>gooooood</folder>
	<filename>004.jpg</filename>
	<path>D:\labelImg-master\gooooood\004.jpg</path>
	<source>
		<database>Unknown</database>
	</source>
	<size>
		<width>540</width>
		<height>960</height>
		<depth>3</depth>
	</size>
	<segmented>0</segmented>
	<object>
		<name>10 dallar</name>
		<pose>Unspecified</pose>
		<truncated>0</truncated>
		<difficult>0</difficult>
		<bndbox>
			<xmin>42</xmin>
			<ymin>375</ymin>
			<xmax>148</xmax>
			<ymax>486</ymax>
		</bndbox>
	</object>
	<object>
		<name>10 dallar</name>
		<pose>Unspecified</pose>
		<truncated>0</truncated>
		<difficult>0</difficult>
		<bndbox>
			<xmin>352</xmin>
			<ymin>256</ymin>
			<xmax>458</xmax>
			<ymax>367</ymax>
		</bndbox>
	</object>
	<object>
		<name>5 dallar</name>
		<pose>Unspecified</pose>
		<truncated>0</truncated>
		<difficult>0</difficult>
		<bndbox>
			<xmin>177</xmin>
			<ymin>263</ymin>
			<xmax>266</xmax>
			<ymax>358</ymax>
		</bndbox>
	</object>
	<object>
		<name>5 dallar</name>
		<pose>Unspecified</pose>
		<truncated>0</truncated>
		<difficult>0</difficult>
		<bndbox>
			<xmin>302</xmin>
			<ymin>369</ymin>
			<xmax>391</xmax>
			<ymax>464</ymax>
		</bndbox>
	</object>
	<object>
		<name>5 dallar</name>
		<pose>Unspecified</pose>
		<truncated>0</truncated>
		<difficult>0</difficult>
		<bndbox>
			<xmin>229</xmin>
			<ymin>463</ymin>
			<xmax>318</xmax>
			<ymax>558</ymax>
		</bndbox>
	</object>
	<object>
		<name>1 dallar</name>
		<pose>Unspecified</pose>
		<truncated>0</truncated>
		<difficult>0</difficult>
		<bndbox>
			<xmin>115</xmin>
			<ymin>503</ymin>
			<xmax>205</xmax>
			<ymax>594</ymax>
		</bndbox>
	</object>
	<object>
		<name>1 dallar</name>
		<pose>Unspecified</pose>
		<truncated>0</truncated>
		<difficult>0</difficult>
		<bndbox>
			<xmin>170</xmin>
			<ymin>375</ymin>
			<xmax>260</xmax>
			<ymax>466</ymax>
		</bndbox>
	</object>
</annotation>
