<annotation>
	<folder>gooooood</folder>
	<filename>016.jpg</filename>
	<path>D:\labelImg-master\gooooood\016.jpg</path>
	<source>
		<database>Unknown</database>
	</source>
	<size>
		<width>540</width>
		<height>960</height>
		<depth>3</depth>
	</size>
	<segmented>0</segmented>
	<object>
		<name>10 dallar</name>
		<pose>Unspecified</pose>
		<truncated>0</truncated>
		<difficult>0</difficult>
		<bndbox>
			<xmin>158</xmin>
			<ymin>218</ymin>
			<xmax>265</xmax>
			<ymax>342</ymax>
		</bndbox>
	</object>
	<object>
		<name>10 dallar</name>
		<pose>Unspecified</pose>
		<truncated>0</truncated>
		<difficult>0</difficult>
		<bndbox>
			<xmin>250</xmin>
			<ymin>528</ymin>
			<xmax>357</xmax>
			<ymax>652</ymax>
		</bndbox>
	</object>
	<object>
		<name>5 dallar</name>
		<pose>Unspecified</pose>
		<truncated>0</truncated>
		<difficult>0</difficult>
		<bndbox>
			<xmin>140</xmin>
			<ymin>395</ymin>
			<xmax>242</xmax>
			<ymax>501</ymax>
		</bndbox>
	</object>
	<object>
		<name>5 dallar</name>
		<pose>Unspecified</pose>
		<truncated>0</truncated>
		<difficult>0</difficult>
		<bndbox>
			<xmin>254</xmin>
			<ymin>292</ymin>
			<xmax>356</xmax>
			<ymax>398</ymax>
		</bndbox>
	</object>
	<object>
		<name>5 dallar</name>
		<pose>Unspecified</pose>
		<truncated>0</truncated>
		<difficult>0</difficult>
		<bndbox>
			<xmin>353</xmin>
			<ymin>363</ymin>
			<xmax>455</xmax>
			<ymax>469</ymax>
		</bndbox>
	</object>
	<object>
		<name>1 dallar</name>
		<pose>Unspecified</pose>
		<truncated>0</truncated>
		<difficult>0</difficult>
		<bndbox>
			<xmin>255</xmin>
			<ymin>427</ymin>
			<xmax>348</xmax>
			<ymax>519</ymax>
		</bndbox>
	</object>
	<object>
		<name>1 dallar</name>
		<pose>Unspecified</pose>
		<truncated>0</truncated>
		<difficult>0</difficult>
		<bndbox>
			<xmin>379</xmin>
			<ymin>490</ymin>
			<xmax>472</xmax>
			<ymax>582</ymax>
		</bndbox>
	</object>
</annotation>
