<annotation>
	<folder>gooooood</folder>
	<filename>026.jpg</filename>
	<path>C:\Users\蔡宜芳\Desktop\gooooood\026.jpg</path>
	<source>
		<database>Unknown</database>
	</source>
	<size>
		<width>540</width>
		<height>960</height>
		<depth>3</depth>
	</size>
	<segmented>0</segmented>
	<object>
		<name>10 dallar</name>
		<pose>Unspecified</pose>
		<truncated>0</truncated>
		<difficult>0</difficult>
		<bndbox>
			<xmin>40</xmin>
			<ymin>339</ymin>
			<xmax>148</xmax>
			<ymax>450</ymax>
		</bndbox>
	</object>
	<object>
		<name>10 dallar</name>
		<pose>Unspecified</pose>
		<truncated>0</truncated>
		<difficult>0</difficult>
		<bndbox>
			<xmin>320</xmin>
			<ymin>528</ymin>
			<xmax>428</xmax>
			<ymax>639</ymax>
		</bndbox>
	</object>
	<object>
		<name>5 dallar</name>
		<pose>Unspecified</pose>
		<truncated>0</truncated>
		<difficult>0</difficult>
		<bndbox>
			<xmin>147</xmin>
			<ymin>501</ymin>
			<xmax>248</xmax>
			<ymax>594</ymax>
		</bndbox>
	</object>
	<object>
		<name>5 dallar</name>
		<pose>Unspecified</pose>
		<truncated>0</truncated>
		<difficult>0</difficult>
		<bndbox>
			<xmin>165</xmin>
			<ymin>343</ymin>
			<xmax>266</xmax>
			<ymax>436</ymax>
		</bndbox>
	</object>
	<object>
		<name>5 dallar</name>
		<pose>Unspecified</pose>
		<truncated>0</truncated>
		<difficult>0</difficult>
		<bndbox>
			<xmin>286</xmin>
			<ymin>348</ymin>
			<xmax>387</xmax>
			<ymax>441</ymax>
		</bndbox>
	</object>
	<object>
		<name>1 dallar</name>
		<pose>Unspecified</pose>
		<truncated>0</truncated>
		<difficult>0</difficult>
		<bndbox>
			<xmin>254</xmin>
			<ymin>447</ymin>
			<xmax>341</xmax>
			<ymax>534</ymax>
		</bndbox>
	</object>
	<object>
		<name>1 dallar</name>
		<pose>Unspecified</pose>
		<truncated>0</truncated>
		<difficult>0</difficult>
		<bndbox>
			<xmin>386</xmin>
			<ymin>422</ymin>
			<xmax>473</xmax>
			<ymax>509</ymax>
		</bndbox>
	</object>
</annotation>
