<annotation>
	<folder>gooooood</folder>
	<filename>060.jpg</filename>
	<path>C:\Users\蔡宜芳\Desktop\gooooood\060.jpg</path>
	<source>
		<database>Unknown</database>
	</source>
	<size>
		<width>540</width>
		<height>960</height>
		<depth>3</depth>
	</size>
	<segmented>0</segmented>
	<object>
		<name>1 dallar</name>
		<pose>Unspecified</pose>
		<truncated>0</truncated>
		<difficult>0</difficult>
		<bndbox>
			<xmin>144</xmin>
			<ymin>339</ymin>
			<xmax>235</xmax>
			<ymax>426</ymax>
		</bndbox>
	</object>
	<object>
		<name>1 dallar</name>
		<pose>Unspecified</pose>
		<truncated>0</truncated>
		<difficult>0</difficult>
		<bndbox>
			<xmin>63</xmin>
			<ymin>456</ymin>
			<xmax>154</xmax>
			<ymax>543</ymax>
		</bndbox>
	</object>
	<object>
		<name>10 dallar</name>
		<pose>Unspecified</pose>
		<truncated>0</truncated>
		<difficult>0</difficult>
		<bndbox>
			<xmin>12</xmin>
			<ymin>320</ymin>
			<xmax>129</xmax>
			<ymax>439</ymax>
		</bndbox>
	</object>
	<object>
		<name>10 dallar</name>
		<pose>Unspecified</pose>
		<truncated>0</truncated>
		<difficult>0</difficult>
		<bndbox>
			<xmin>331</xmin>
			<ymin>266</ymin>
			<xmax>441</xmax>
			<ymax>361</ymax>
		</bndbox>
	</object>
	<object>
		<name>5 dallar</name>
		<pose>Unspecified</pose>
		<truncated>0</truncated>
		<difficult>0</difficult>
		<bndbox>
			<xmin>171</xmin>
			<ymin>237</ymin>
			<xmax>257</xmax>
			<ymax>329</ymax>
		</bndbox>
	</object>
	<object>
		<name>5 dallar</name>
		<pose>Unspecified</pose>
		<truncated>0</truncated>
		<difficult>0</difficult>
		<bndbox>
			<xmin>273</xmin>
			<ymin>355</ymin>
			<xmax>359</xmax>
			<ymax>447</ymax>
		</bndbox>
	</object>
	<object>
		<name>5 dallar</name>
		<pose>Unspecified</pose>
		<truncated>0</truncated>
		<difficult>0</difficult>
		<bndbox>
			<xmin>185</xmin>
			<ymin>439</ymin>
			<xmax>271</xmax>
			<ymax>531</ymax>
		</bndbox>
	</object>
</annotation>
