<annotation>
	<folder>gooooood</folder>
	<filename>067.jpg</filename>
	<path>C:\Users\蔡宜芳\Desktop\gooooood\067.jpg</path>
	<source>
		<database>Unknown</database>
	</source>
	<size>
		<width>540</width>
		<height>960</height>
		<depth>3</depth>
	</size>
	<segmented>0</segmented>
	<object>
		<name>5 dallar</name>
		<pose>Unspecified</pose>
		<truncated>0</truncated>
		<difficult>0</difficult>
		<bndbox>
			<xmin>156</xmin>
			<ymin>238</ymin>
			<xmax>243</xmax>
			<ymax>326</ymax>
		</bndbox>
	</object>
	<object>
		<name>5 dallar</name>
		<pose>Unspecified</pose>
		<truncated>0</truncated>
		<difficult>0</difficult>
		<bndbox>
			<xmin>299</xmin>
			<ymin>305</ymin>
			<xmax>386</xmax>
			<ymax>393</ymax>
		</bndbox>
	</object>
	<object>
		<name>5 dallar</name>
		<pose>Unspecified</pose>
		<truncated>0</truncated>
		<difficult>0</difficult>
		<bndbox>
			<xmin>257</xmin>
			<ymin>413</ymin>
			<xmax>344</xmax>
			<ymax>501</ymax>
		</bndbox>
	</object>
	<object>
		<name>10 dallar</name>
		<pose>Unspecified</pose>
		<truncated>0</truncated>
		<difficult>0</difficult>
		<bndbox>
			<xmin>53</xmin>
			<ymin>377</ymin>
			<xmax>171</xmax>
			<ymax>485</ymax>
		</bndbox>
	</object>
	<object>
		<name>10 dallar</name>
		<pose>Unspecified</pose>
		<truncated>0</truncated>
		<difficult>0</difficult>
		<bndbox>
			<xmin>305</xmin>
			<ymin>189</ymin>
			<xmax>423</xmax>
			<ymax>297</ymax>
		</bndbox>
	</object>
	<object>
		<name>1 dallar</name>
		<pose>Unspecified</pose>
		<truncated>0</truncated>
		<difficult>0</difficult>
		<bndbox>
			<xmin>173</xmin>
			<ymin>343</ymin>
			<xmax>259</xmax>
			<ymax>430</ymax>
		</bndbox>
	</object>
	<object>
		<name>1 dallar</name>
		<pose>Unspecified</pose>
		<truncated>0</truncated>
		<difficult>0</difficult>
		<bndbox>
			<xmin>161</xmin>
			<ymin>476</ymin>
			<xmax>247</xmax>
			<ymax>563</ymax>
		</bndbox>
	</object>
</annotation>
